Date,Admissions
1999-01-01,34
1999-01-02,30
1999-01-03,24
1999-01-04,28
1999-01-05,31
1999-01-06,31
1999-01-07,23
1999-01-08,17
1999-01-09,28
1999-01-10,25
1999-01-11,34
1999-01-12,27
1999-01-13,35
1999-01-14,24
1999-01-15,24
1999-01-16,29
1999-01-17,18
1999-01-18,29
1999-01-19,20
1999-01-20,37
1999-01-21,27
1999-01-22,24
1999-01-23,22
1999-01-24,20
1999-01-25,24
1999-01-26,20
1999-01-27,23
1999-01-28,28
1999-01-29,14
1999-01-30,28
1999-01-31,20
1999-02-01,31
1999-02-02,13
1999-02-03,26
1999-02-04,33
1999-02-05,23
1999-02-06,28
1999-02-07,21
1999-02-08,18
1999-02-09,25
1999-02-10,29
1999-02-11,28
1999-02-12,31
1999-02-13,30
1999-02-14,24
1999-02-15,27
1999-02-16,19
1999-02-17,29
1999-02-18,24
1999-02-19,24
1999-02-20,30
1999-02-21,29
1999-02-22,20
1999-02-23,31
1999-02-24,26
1999-02-25,25
1999-02-26,30
1999-02-27,20
1999-02-28,30
1999-03-01,30
1999-03-02,29
1999-03-03,19
1999-03-04,33
1999-03-05,36
1999-03-06,21
1999-03-07,17
1999-03-08,23
1999-03-09,28
1999-03-10,29
1999-03-11,39
1999-03-12,22
1999-03-13,21
1999-03-14,22
1999-03-15,28
1999-03-16,22
1999-03-17,19
1999-03-18,25
1999-03-19,28
1999-03-20,24
1999-03-21,26
1999-03-22,23
1999-03-23,20
1999-03-24,23
1999-03-25,21
1999-03-26,33
1999-03-27,28
1999-03-28,20
1999-03-29,17
1999-03-30,25
1999-03-31,27
1999-04-01,34
1999-04-02,15
1999-04-03,31
1999-04-04,25
1999-04-05,28
1999-04-06,24
1999-04-07,24
1999-04-08,26
1999-04-09,27
1999-04-10,32
1999-04-11,21
1999-04-12,29
1999-04-13,24
1999-04-14,28
1999-04-15,33
1999-04-16,26
1999-04-17,35
1999-04-18,38
1999-04-19,18
1999-04-20,26
1999-04-21,36
1999-04-22,22
1999-04-23,13
1999-04-24,28
1999-04-25,28
1999-04-26,20
1999-04-27,22
1999-04-28,26
1999-04-29,27
1999-04-30,17
1999-05-01,29
1999-05-02,30
1999-05-03,31
1999-05-04,36
1999-05-05,31
1999-05-06,25
1999-05-07,32
1999-05-08,30
1999-05-09,24
1999-05-10,27
1999-05-11,31
1999-05-12,19
1999-05-13,25
1999-05-14,36
1999-05-15,28
1999-05-16,28
1999-05-17,29
1999-05-18,19
1999-05-19,28
1999-05-20,32
1999-05-21,30
1999-05-22,25
1999-05-23,21
1999-05-24,21
1999-05-25,26
1999-05-26,28
1999-05-27,20
1999-05-28,21
1999-05-29,23
1999-05-30,29
1999-05-31,37
1999-06-01,26
1999-06-02,27
1999-06-03,26
1999-06-04,19
1999-06-05,32
1999-06-06,22
1999-06-07,31
1999-06-08,24
1999-06-09,31
1999-06-10,22
1999-06-11,35
1999-06-12,27
1999-06-13,31
1999-06-14,27
1999-06-15,29
1999-06-16,32
1999-06-17,34
1999-06-18,24
1999-06-19,32
1999-06-20,28
1999-06-21,32
1999-06-22,23
1999-06-23,23
1999-06-24,43
1999-06-25,26
1999-06-26,29
1999-06-27,30
1999-06-28,18
1999-06-29,25
1999-06-30,27
1999-07-01,29
1999-07-02,25
1999-07-03,27
1999-07-04,31
1999-07-05,24
1999-07-06,29
1999-07-07,22
1999-07-08,34
1999-07-09,19
1999-07-10,34
1999-07-11,20
1999-07-12,25
1999-07-13,27
1999-07-14,27
1999-07-15,28
1999-07-16,16
1999-07-17,26
1999-07-18,30
1999-07-19,16
1999-07-20,39
1999-07-21,19
1999-07-22,25
1999-07-23,24
1999-07-24,23
1999-07-25,35
1999-07-26,25
1999-07-27,17
1999-07-28,30
1999-07-29,25
1999-07-30,28
1999-07-31,27
1999-08-01,28
1999-08-02,34
1999-08-03,26
1999-08-04,21
1999-08-05,39
1999-08-06,39
1999-08-07,27
1999-08-08,28
1999-08-09,22
1999-08-10,30
1999-08-11,34
1999-08-12,26
1999-08-13,24
1999-08-14,26
1999-08-15,22
1999-08-16,21
1999-08-17,33
1999-08-18,33
1999-08-19,39
1999-08-20,30
1999-08-21,25
1999-08-22,30
1999-08-23,26
1999-08-24,33
1999-08-25,24
1999-08-26,29
1999-08-27,27
1999-08-28,35
1999-08-29,26
1999-08-30,23
1999-08-31,18
1999-09-01,28
1999-09-02,20
1999-09-03,31
1999-09-04,28
1999-09-05,28
1999-09-06,21
1999-09-07,30
1999-09-08,26
1999-09-09,26
1999-09-10,27
1999-09-11,25
1999-09-12,14
1999-09-13,23
1999-09-14,27
1999-09-15,26
1999-09-16,29
1999-09-17,23
1999-09-18,23
1999-09-19,23
1999-09-20,24
1999-09-21,32
1999-09-22,26
1999-09-23,29
1999-09-24,17
1999-09-25,26
1999-09-26,24
1999-09-27,28
1999-09-28,21
1999-09-29,28
1999-09-30,30
1999-10-01,29
1999-10-02,22
1999-10-03,30
1999-10-04,22
1999-10-05,21
1999-10-06,24
1999-10-07,26
1999-10-08,34
1999-10-09,30
1999-10-10,33
1999-10-11,16
1999-10-12,22
1999-10-13,20
1999-10-14,18
1999-10-15,39
1999-10-16,30
1999-10-17,22
1999-10-18,25
1999-10-19,30
1999-10-20,34
1999-10-21,18
1999-10-22,33
1999-10-23,29
1999-10-24,25
1999-10-25,26
1999-10-26,24
1999-10-27,23
1999-10-28,24
1999-10-29,24
1999-10-30,26
1999-10-31,31
1999-11-01,37
1999-11-02,26
1999-11-03,29
1999-11-04,26
1999-11-05,23
1999-11-06,25
1999-11-07,39
1999-11-08,28
1999-11-09,21
1999-11-10,30
1999-11-11,26
1999-11-12,32
1999-11-13,23
1999-11-14,31
1999-11-15,31
1999-11-16,26
1999-11-17,30
1999-11-18,19
1999-11-19,21
1999-11-20,27
1999-11-21,22
1999-11-22,18
1999-11-23,23
1999-11-24,26
1999-11-25,28
1999-11-26,29
1999-11-27,21
1999-11-28,19
1999-11-29,34
1999-11-30,20
1999-12-01,32
1999-12-02,24
1999-12-03,21
1999-12-04,28
1999-12-05,24
1999-12-06,25
1999-12-07,21
1999-12-08,22
1999-12-09,28
1999-12-10,24
1999-12-11,31
1999-12-12,29
1999-12-13,30
1999-12-14,25
1999-12-15,25
1999-12-16,28
1999-12-17,21
1999-12-18,39
1999-12-19,29
1999-12-20,31
1999-12-21,33
1999-12-22,17
1999-12-23,22
1999-12-24,27
1999-12-25,40
1999-12-26,26
1999-12-27,25
1999-12-28,32
1999-12-29,25
1999-12-30,34
1999-12-31,23
2000-01-01,27
2000-01-02,21
2000-01-03,32
2000-01-04,29
2000-01-05,31
2000-01-06,22
2000-01-07,27
2000-01-08,32
2000-01-09,24
2000-01-10,25
2000-01-11,25
2000-01-12,27
2000-01-13,30
2000-01-14,29
2000-01-15,27
2000-01-16,22
2000-01-17,37
2000-01-18,30
2000-01-19,30
2000-01-20,26
2000-01-21,25
2000-01-22,31
2000-01-23,33
2000-01-24,32
2000-01-25,21
2000-01-26,18
2000-01-27,22
2000-01-28,32
2000-01-29,27
2000-01-30,24
2000-01-31,29
2000-02-01,25
2000-02-02,26
2000-02-03,33
2000-02-04,26
2000-02-05,31
2000-02-06,29
2000-02-07,19
2000-02-08,20
2000-02-09,25
2000-02-10,29
2000-02-11,22
2000-02-12,32
2000-02-13,28
2000-02-14,20
2000-02-15,29
2000-02-16,26
2000-02-17,28
2000-02-18,27
2000-02-19,24
2000-02-20,25
2000-02-21,29
2000-02-22,35
2000-02-23,29
2000-02-24,26
2000-02-25,31
2000-02-26,27
2000-02-27,25
2000-02-28,27
2000-02-29,35
2000-03-01,30
2000-03-02,35
2000-03-03,24
2000-03-04,24
2000-03-05,31
2000-03-06,29
2000-03-07,22
2000-03-08,20
2000-03-09,24
2000-03-10,25
2000-03-11,28
2000-03-12,28
2000-03-13,28
2000-03-14,31
2000-03-15,26
2000-03-16,21
2000-03-17,23
2000-03-18,29
2000-03-19,29
2000-03-20,34
2000-03-21,23
2000-03-22,25
2000-03-23,34
2000-03-24,33
2000-03-25,27
2000-03-26,29
2000-03-27,29
2000-03-28,22
2000-03-29,26
2000-03-30,36
2000-03-31,29
2000-04-01,27
2000-04-02,29
2000-04-03,33
2000-04-04,25
2000-04-05,30
2000-04-06,19
2000-04-07,31
2000-04-08,31
2000-04-09,43
2000-04-10,24
2000-04-11,28
2000-04-12,30
2000-04-13,21
2000-04-14,29
2000-04-15,31
2000-04-16,30
2000-04-17,31
2000-04-18,30
2000-04-19,35
2000-04-20,37
2000-04-21,34
2000-04-22,25
2000-04-23,23
2000-04-24,27
2000-04-25,23
2000-04-26,24
2000-04-27,33
2000-04-28,26
2000-04-29,25
2000-04-30,22
2000-05-01,28
2000-05-02,22
2000-05-03,29
2000-05-04,21
2000-05-05,28
2000-05-06,34
2000-05-07,28
2000-05-08,26
2000-05-09,23
2000-05-10,31
2000-05-11,22
2000-05-12,28
2000-05-13,23
2000-05-14,25
2000-05-15,26
2000-05-16,34
2000-05-17,25
2000-05-18,24
2000-05-19,17
2000-05-20,31
2000-05-21,19
2000-05-22,26
2000-05-23,21
2000-05-24,23
2000-05-25,28
2000-05-26,22
2000-05-27,23
2000-05-28,33
2000-05-29,22
2000-05-30,19
2000-05-31,19
2000-06-01,26
2000-06-02,28
2000-06-03,26
2000-06-04,19
2000-06-05,41
2000-06-06,30
2000-06-07,28
2000-06-08,28
2000-06-09,36
2000-06-10,35
2000-06-11,29
2000-06-12,29
2000-06-13,23
2000-06-14,30
2000-06-15,26
2000-06-16,24
2000-06-17,28
2000-06-18,25
2000-06-19,32
2000-06-20,32
2000-06-21,29
2000-06-22,26
2000-06-23,29
2000-06-24,26
2000-06-25,30
2000-06-26,22
2000-06-27,29
2000-06-28,33
2000-06-29,18
2000-06-30,20
2000-07-01,21
2000-07-02,26
2000-07-03,40
2000-07-04,32
2000-07-05,22
2000-07-06,26
2000-07-07,19
2000-07-08,18
2000-07-09,26
2000-07-10,30
2000-07-11,20
2000-07-12,27
2000-07-13,27
2000-07-14,28
2000-07-15,33
2000-07-16,27
2000-07-17,22
2000-07-18,19
2000-07-19,19
2000-07-20,24
2000-07-21,39
2000-07-22,28
2000-07-23,23
2000-07-24,30
2000-07-25,27
2000-07-26,33
2000-07-27,26
2000-07-28,23
2000-07-29,20
2000-07-30,25
2000-07-31,25
2000-08-01,28
2000-08-02,24
2000-08-03,30
2000-08-04,25
2000-08-05,24
2000-08-06,28
2000-08-07,25
2000-08-08,28
2000-08-09,34
2000-08-10,27
2000-08-11,20
2000-08-12,21
2000-08-13,33
2000-08-14,32
2000-08-15,28
2000-08-16,21
2000-08-17,40
2000-08-18,25
2000-08-19,26
2000-08-20,24
2000-08-21,34
2000-08-22,29
2000-08-23,34
2000-08-24,18
2000-08-25,24
2000-08-26,23
2000-08-27,24
2000-08-28,26
2000-08-29,20
2000-08-30,37
2000-08-31,23
2000-09-01,32
2000-09-02,26
2000-09-03,23
2000-09-04,26
2000-09-05,25
2000-09-06,31
2000-09-07,28
2000-09-08,24
2000-09-09,27
2000-09-10,30
2000-09-11,28
2000-09-12,26
2000-09-13,27
2000-09-14,23
2000-09-15,15
2000-09-16,28
2000-09-17,25
2000-09-18,24
2000-09-19,27
2000-09-20,23
2000-09-21,31
2000-09-22,14
2000-09-23,24
2000-09-24,28
2000-09-25,31
2000-09-26,36
2000-09-27,25
2000-09-28,34
2000-09-29,32
2000-09-30,25
2000-10-01,24
2000-10-02,29
2000-10-03,22
2000-10-04,27
2000-10-05,27
2000-10-06,37
2000-10-07,19
2000-10-08,25
2000-10-09,19
2000-10-10,18
2000-10-11,23
2000-10-12,21
2000-10-13,28
2000-10-14,30
2000-10-15,22
2000-10-16,42
2000-10-17,31
2000-10-18,20
2000-10-19,25
2000-10-20,31
2000-10-21,22
2000-10-22,25
2000-10-23,26
2000-10-24,26
2000-10-25,30
2000-10-26,33
2000-10-27,25
2000-10-28,20
2000-10-29,22
2000-10-30,28
2000-10-31,32
2000-11-01,19
2000-11-02,35
2000-11-03,33
2000-11-04,26
2000-11-05,18
2000-11-06,27
2000-11-07,28
2000-11-08,27
2000-11-09,27
2000-11-10,31
2000-11-11,33
2000-11-12,30
2000-11-13,22
2000-11-14,24
2000-11-15,26
2000-11-16,27
2000-11-17,40
2000-11-18,34
2000-11-19,28
2000-11-20,18
2000-11-21,26
2000-11-22,31
2000-11-23,29
2000-11-24,39
2000-11-25,19
2000-11-26,34
2000-11-27,20
2000-11-28,25
2000-11-29,29
2000-11-30,21
2000-12-01,33
2000-12-02,34
2000-12-03,38
2000-12-04,26
2000-12-05,30
2000-12-06,25
2000-12-07,21
2000-12-08,23
2000-12-09,33
2000-12-10,29
2000-12-11,31
2000-12-12,28
2000-12-13,30
2000-12-14,34
2000-12-15,23
2000-12-16,32
2000-12-17,24
2000-12-18,32
2000-12-19,34
2000-12-20,35
2000-12-21,27
2000-12-22,23
2000-12-23,21
2000-12-24,37
2000-12-25,35
2000-12-26,20
2000-12-27,30
2000-12-28,35
2000-12-29,44
2000-12-30,15
2000-12-31,22
2001-01-01,29
2001-01-02,36
2001-01-03,23
2001-01-04,26
2001-01-05,30
2001-01-06,29
2001-01-07,33
2001-01-08,30
2001-01-09,38
2001-01-10,27
2001-01-11,26
2001-01-12,23
2001-01-13,35
2001-01-14,29
2001-01-15,42
2001-01-16,28
2001-01-17,26
2001-01-18,22
2001-01-19,23
2001-01-20,19
2001-01-21,23
2001-01-22,26
2001-01-23,18
2001-01-24,26
2001-01-25,36
2001-01-26,22
2001-01-27,22
2001-01-28,25
2001-01-29,22
2001-01-30,29
2001-01-31,28
2001-02-01,18
2001-02-02,27
2001-02-03,24
2001-02-04,38
2001-02-05,27
2001-02-06,33
2001-02-07,26
2001-02-08,28
2001-02-09,33
2001-02-10,23
2001-02-11,15
2001-02-12,29
2001-02-13,34
2001-02-14,30
2001-02-15,19
2001-02-16,30
2001-02-17,23
2001-02-18,26
2001-02-19,22
2001-02-20,28
2001-02-21,36
2001-02-22,34
2001-02-23,19
2001-02-24,21
2001-02-25,36
2001-02-26,28
2001-02-27,29
2001-02-28,32
2001-03-01,26
2001-03-02,29
2001-03-03,16
2001-03-04,29
2001-03-05,24
2001-03-06,24
2001-03-07,19
2001-03-08,24
2001-03-09,34
2001-03-10,25
2001-03-11,18
2001-03-12,28
2001-03-13,30
2001-03-14,25
2001-03-15,46
2001-03-16,31
2001-03-17,29
2001-03-18,31
2001-03-19,27
2001-03-20,27
2001-03-21,26
2001-03-22,15
2001-03-23,32
2001-03-24,21
2001-03-25,22
2001-03-26,21
2001-03-27,26
2001-03-28,21
2001-03-29,31
2001-03-30,31
2001-03-31,24
2001-04-01,31
2001-04-02,16
2001-04-03,25
2001-04-04,28
2001-04-05,13
2001-04-06,33
2001-04-07,27
2001-04-08,32
2001-04-09,32
2001-04-10,29
2001-04-11,23
2001-04-12,24
2001-04-13,21
2001-04-14,29
2001-04-15,27
2001-04-16,25
2001-04-17,32
2001-04-18,23
2001-04-19,31
2001-04-20,26
2001-04-21,23
2001-04-22,34
2001-04-23,18
2001-04-24,13
2001-04-25,21
2001-04-26,33
2001-04-27,27
2001-04-28,39
2001-04-29,27
2001-04-30,40
2001-05-01,31
2001-05-02,30
2001-05-03,23
2001-05-04,35
2001-05-05,27
2001-05-06,26
2001-05-07,22
2001-05-08,26
2001-05-09,17
2001-05-10,17
2001-05-11,15
2001-05-12,20
2001-05-13,32
2001-05-14,34
2001-05-15,20
2001-05-16,34
2001-05-17,26
2001-05-18,16
2001-05-19,26
2001-05-20,23
2001-05-21,29
2001-05-22,18
2001-05-23,32
2001-05-24,23
2001-05-25,27
2001-05-26,29
2001-05-27,26
2001-05-28,27
2001-05-29,23
2001-05-30,21
2001-05-31,27
2001-06-01,24
2001-06-02,30
2001-06-03,17
2001-06-04,23
2001-06-05,25
2001-06-06,26
2001-06-07,31
2001-06-08,29
2001-06-09,21
2001-06-10,27
2001-06-11,21
2001-06-12,18
2001-06-13,16
2001-06-14,25
2001-06-15,28
2001-06-16,30
2001-06-17,30
2001-06-18,31
2001-06-19,18
2001-06-20,20
2001-06-21,25
2001-06-22,23
2001-06-23,34
2001-06-24,20
2001-06-25,22
2001-06-26,23
2001-06-27,27
2001-06-28,27
2001-06-29,25
2001-06-30,25
2001-07-01,25
2001-07-02,19
2001-07-03,34
2001-07-04,34
2001-07-05,28
2001-07-06,29
2001-07-07,20
2001-07-08,19
2001-07-09,19
2001-07-10,33
2001-07-11,23
2001-07-12,33
2001-07-13,28
2001-07-14,31
2001-07-15,19
2001-07-16,28
2001-07-17,22
2001-07-18,29
2001-07-19,30
2001-07-20,27
2001-07-21,27
2001-07-22,21
2001-07-23,27
2001-07-24,29
2001-07-25,28
2001-07-26,22
2001-07-27,30
2001-07-28,19
2001-07-29,29
2001-07-30,33
2001-07-31,39
2001-08-01,24
2001-08-02,36
2001-08-03,32
2001-08-04,26
2001-08-05,24
2001-08-06,27
2001-08-07,27
2001-08-08,23
2001-08-09,34
2001-08-10,27
2001-08-11,27
2001-08-12,25
2001-08-13,32
2001-08-14,24
2001-08-15,27
2001-08-16,37
2001-08-17,25
2001-08-18,27
2001-08-19,32
2001-08-20,33
2001-08-21,34
2001-08-22,35
2001-08-23,28
2001-08-24,22
2001-08-25,37
2001-08-26,28
2001-08-27,34
2001-08-28,20
2001-08-29,21
2001-08-30,23
2001-08-31,33
2001-09-01,25
2001-09-02,22
2001-09-03,27
2001-09-04,19
2001-09-05,23
2001-09-06,24
2001-09-07,28
2001-09-08,28
2001-09-09,23
2001-09-10,27
2001-09-11,28
2001-09-12,30
2001-09-13,26
2001-09-14,26
2001-09-15,25
2001-09-16,24
2001-09-17,26
2001-09-18,29
2001-09-19,30
2001-09-20,27
2001-09-21,21
2001-09-22,30
2001-09-23,29
2001-09-24,24
2001-09-25,29
2001-09-26,23
2001-09-27,25
2001-09-28,29
2001-09-29,25
2001-09-30,26
2001-10-01,31
2001-10-02,26
2001-10-03,27
2001-10-04,29
2001-10-05,20
2001-10-06,37
2001-10-07,36
2001-10-08,21
2001-10-09,27
2001-10-10,32
2001-10-11,26
2001-10-12,30
2001-10-13,27
2001-10-14,20
2001-10-15,28
2001-10-16,26
2001-10-17,24
2001-10-18,19
2001-10-19,28
2001-10-20,24
2001-10-21,27
2001-10-22,28
2001-10-23,25
2001-10-24,13
2001-10-25,20
2001-10-26,30
2001-10-27,28
2001-10-28,16
2001-10-29,22
2001-10-30,30
2001-10-31,27
2001-11-01,20
2001-11-02,27
2001-11-03,37
2001-11-04,27
2001-11-05,33
2001-11-06,34
2001-11-07,37
2001-11-08,24
2001-11-09,9
2001-11-10,19
2001-11-11,28
2001-11-12,27
2001-11-13,30
2001-11-14,29
2001-11-15,21
2001-11-16,29
2001-11-17,19
2001-11-18,32
2001-11-19,25
2001-11-20,27
2001-11-21,32
2001-11-22,26
2001-11-23,28
2001-11-24,26
2001-11-25,31
2001-11-26,27
2001-11-27,27
2001-11-28,15
2001-11-29,25
2001-11-30,38
2001-12-01,29
2001-12-02,23
2001-12-03,33
2001-12-04,30
2001-12-05,20
2001-12-06,18
2001-12-07,26
2001-12-08,34
2001-12-09,20
2001-12-10,28
2001-12-11,31
2001-12-12,28
2001-12-13,22
2001-12-14,34
2001-12-15,39
2001-12-16,22
2001-12-17,22
2001-12-18,24
2001-12-19,21
2001-12-20,29
2001-12-21,32
2001-12-22,31
2001-12-23,29
2001-12-24,16
2001-12-25,29
2001-12-26,32
2001-12-27,28
2001-12-28,25
2001-12-29,25
2001-12-30,25
2001-12-31,22
2002-01-01,18
2002-01-02,22
2002-01-03,31
2002-01-04,26
2002-01-05,24
2002-01-06,22
2002-01-07,31
2002-01-08,36
2002-01-09,26
2002-01-10,22
2002-01-11,21
2002-01-12,26
2002-01-13,27
2002-01-14,26
2002-01-15,21
2002-01-16,28
2002-01-17,35
2002-01-18,29
2002-01-19,29
2002-01-20,26
2002-01-21,31
2002-01-22,21
2002-01-23,32
2002-01-24,30
2002-01-25,15
2002-01-26,27
2002-01-27,23
2002-01-28,31
2002-01-29,29
2002-01-30,24
2002-01-31,18
2002-02-01,29
2002-02-02,29
2002-02-03,25
2002-02-04,27
2002-02-05,30
2002-02-06,30
2002-02-07,33
2002-02-08,37
2002-02-09,27
2002-02-10,25
2002-02-11,20
2002-02-12,20
2002-02-13,22
2002-02-14,32
2002-02-15,29
2002-02-16,31
2002-02-17,32
2002-02-18,27
2002-02-19,39
2002-02-20,32
2002-02-21,29
2002-02-22,34
2002-02-23,35
2002-02-24,22
2002-02-25,22
2002-02-26,34
2002-02-27,24
2002-02-28,22
2002-03-01,31
2002-03-02,26
2002-03-03,29
2002-03-04,29
2002-03-05,32
2002-03-06,25
2002-03-07,34
2002-03-08,25
2002-03-09,28
2002-03-10,23
2002-03-11,33
2002-03-12,23
2002-03-13,29
2002-03-14,27
2002-03-15,35
2002-03-16,24
2002-03-17,22
2002-03-18,32
2002-03-19,20
2002-03-20,28
2002-03-21,33
2002-03-22,42
2002-03-23,23
2002-03-24,26
2002-03-25,24
2002-03-26,30
2002-03-27,24
2002-03-28,23
2002-03-29,25
2002-03-30,24
2002-03-31,29
2002-04-01,32
2002-04-02,31
2002-04-03,20
2002-04-04,27
2002-04-05,27
2002-04-06,25
2002-04-07,25
2002-04-08,23
2002-04-09,28
2002-04-10,26
2002-04-11,31
2002-04-12,20
2002-04-13,38
2002-04-14,21
2002-04-15,27
2002-04-16,32
2002-04-17,25
2002-04-18,24
2002-04-19,32
2002-04-20,25
2002-04-21,24
2002-04-22,27
2002-04-23,17
2002-04-24,21
2002-04-25,30
2002-04-26,30
2002-04-27,27
2002-04-28,21
2002-04-29,27
2002-04-30,30
2002-05-01,27
2002-05-02,21
2002-05-03,39
2002-05-04,29
2002-05-05,26
2002-05-06,22
2002-05-07,25
2002-05-08,24
2002-05-09,28
2002-05-10,27
2002-05-11,31
2002-05-12,28
2002-05-13,26
2002-05-14,30
2002-05-15,31
2002-05-16,29
2002-05-17,26
2002-05-18,25
2002-05-19,25
2002-05-20,27
2002-05-21,29
2002-05-22,39
2002-05-23,37
2002-05-24,31
2002-05-25,20
2002-05-26,29
2002-05-27,36
2002-05-28,31
2002-05-29,28
2002-05-30,40
2002-05-31,24
2002-06-01,26
2002-06-02,26
2002-06-03,26
2002-06-04,27
2002-06-05,31
2002-06-06,26
2002-06-07,14
2002-06-08,32
2002-06-09,37
2002-06-10,30
2002-06-11,23
2002-06-12,27
2002-06-13,26
2002-06-14,15
2002-06-15,33
2002-06-16,34
2002-06-17,26
2002-06-18,29
2002-06-19,24
2002-06-20,27
2002-06-21,27
2002-06-22,22
2002-06-23,25
2002-06-24,26
2002-06-25,21
2002-06-26,26
2002-06-27,30
2002-06-28,20
2002-06-29,16
2002-06-30,28
2002-07-01,26
2002-07-02,22
2002-07-03,28
2002-07-04,29
2002-07-05,17
2002-07-06,32
2002-07-07,37
2002-07-08,22
2002-07-09,27
2002-07-10,33
2002-07-11,31
2002-07-12,35
2002-07-13,21
2002-07-14,23
2002-07-15,26
2002-07-16,34
2002-07-17,21
2002-07-18,28
2002-07-19,28
2002-07-20,26
2002-07-21,21
2002-07-22,23
2002-07-23,27
2002-07-24,30
2002-07-25,26
2002-07-26,25
2002-07-27,20
2002-07-28,37
2002-07-29,29
2002-07-30,28
2002-07-31,24
2002-08-01,27
2002-08-02,29
2002-08-03,21
2002-08-04,21
2002-08-05,28
2002-08-06,28
2002-08-07,37
2002-08-08,27
2002-08-09,38
2002-08-10,22
2002-08-11,20
2002-08-12,25
2002-08-13,25
2002-08-14,39
2002-08-15,24
2002-08-16,21
2002-08-17,21
2002-08-18,26
2002-08-19,31
2002-08-20,22
2002-08-21,25
2002-08-22,30
2002-08-23,24
2002-08-24,29
2002-08-25,25
2002-08-26,26
2002-08-27,29
2002-08-28,17
2002-08-29,27
2002-08-30,16
2002-08-31,29
2002-09-01,29
2002-09-02,28
2002-09-03,31
2002-09-04,32
2002-09-05,30
2002-09-06,24
2002-09-07,29
2002-09-08,23
2002-09-09,21
2002-09-10,31
2002-09-11,20
2002-09-12,28
2002-09-13,27
2002-09-14,27
2002-09-15,23
2002-09-16,22
2002-09-17,25
2002-09-18,25
2002-09-19,26
2002-09-20,24
2002-09-21,34
2002-09-22,35
2002-09-23,31
2002-09-24,26
2002-09-25,29
2002-09-26,32
2002-09-27,28
2002-09-28,18
2002-09-29,33
2002-09-30,30
2002-10-01,31
2002-10-02,25
2002-10-03,23
2002-10-04,25
2002-10-05,27
2002-10-06,29
2002-10-07,33
2002-10-08,28
2002-10-09,28
2002-10-10,30
2002-10-11,22
2002-10-12,32
2002-10-13,21
2002-10-14,25
2002-10-15,33
2002-10-16,35
2002-10-17,28
2002-10-18,20
2002-10-19,34
2002-10-20,34
2002-10-21,29
2002-10-22,27
2002-10-23,33
2002-10-24,17
2002-10-25,34
2002-10-26,37
2002-10-27,31
2002-10-28,18
2002-10-29,30
2002-10-30,30
2002-10-31,32
2002-11-01,18
2002-11-02,28
2002-11-03,30
2002-11-04,32
2002-11-05,28
2002-11-06,27
2002-11-07,30
2002-11-08,25
2002-11-09,35
2002-11-10,32
2002-11-11,27
2002-11-12,28
2002-11-13,36
2002-11-14,22
2002-11-15,26
2002-11-16,23
2002-11-17,32
2002-11-18,33
2002-11-19,20
2002-11-20,34
2002-11-21,16
2002-11-22,18
2002-11-23,30
2002-11-24,28
2002-11-25,27
2002-11-26,37
2002-11-27,29
2002-11-28,21
2002-11-29,24
2002-11-30,23
2002-12-01,25
2002-12-02,21
2002-12-03,36
2002-12-04,33
2002-12-05,26
2002-12-06,22
2002-12-07,16
2002-12-08,25
2002-12-09,23
2002-12-10,23
2002-12-11,19
2002-12-12,27
2002-12-13,16
2002-12-14,32
2002-12-15,20
2002-12-16,32
2002-12-17,29
2002-12-18,21
2002-12-19,30
2002-12-20,27
2002-12-21,24
2002-12-22,29
2002-12-23,25
2002-12-24,17
2002-12-25,35
2002-12-26,25
2002-12-27,24
2002-12-28,35
2002-12-29,23
2002-12-30,31
2002-12-31,24
2003-01-01,26
2003-01-02,22
2003-01-03,29
2003-01-04,25
2003-01-05,21
2003-01-06,24
2003-01-07,25
2003-01-08,31
2003-01-09,37
2003-01-10,24
2003-01-11,20
2003-01-12,41
2003-01-13,25
2003-01-14,23
2003-01-15,30
2003-01-16,31
2003-01-17,26
2003-01-18,22
2003-01-19,30
2003-01-20,22
2003-01-21,24
2003-01-22,18
2003-01-23,26
2003-01-24,27
2003-01-25,23
2003-01-26,31
2003-01-27,34
2003-01-28,28
2003-01-29,30
2003-01-30,27
2003-01-31,18
2003-02-01,31
2003-02-02,27
2003-02-03,34
2003-02-04,27
2003-02-05,21
2003-02-06,23
2003-02-07,26
2003-02-08,22
2003-02-09,29
2003-02-10,19
2003-02-11,26
2003-02-12,20
2003-02-13,20
2003-02-14,24
2003-02-15,25
2003-02-16,25
2003-02-17,31
2003-02-18,32
2003-02-19,28
2003-02-20,22
2003-02-21,31
2003-02-22,30
2003-02-23,28
2003-02-24,18
2003-02-25,22
2003-02-26,22
2003-02-27,29
2003-02-28,35
2003-03-01,26
2003-03-02,29
2003-03-03,32
2003-03-04,21
2003-03-05,22
2003-03-06,34
2003-03-07,32
2003-03-08,21
2003-03-09,19
2003-03-10,29
2003-03-11,28
2003-03-12,28
2003-03-13,25
2003-03-14,25
2003-03-15,23
2003-03-16,27
2003-03-17,28
2003-03-18,34
2003-03-19,34
2003-03-20,32
2003-03-21,24
2003-03-22,20
2003-03-23,27
2003-03-24,31
2003-03-25,29
2003-03-26,26
2003-03-27,28
2003-03-28,25
2003-03-29,24
2003-03-30,32
2003-03-31,34
2003-04-01,26
2003-04-02,27
2003-04-03,25
2003-04-04,27
2003-04-05,30
2003-04-06,24
2003-04-07,35
2003-04-08,20
2003-04-09,23
2003-04-10,33
2003-04-11,22
2003-04-12,27
2003-04-13,21
2003-04-14,23
2003-04-15,23
2003-04-16,25
2003-04-17,24
2003-04-18,21
2003-04-19,22
2003-04-20,18
2003-04-21,36
2003-04-22,28
2003-04-23,24
2003-04-24,22
2003-04-25,27
2003-04-26,21
2003-04-27,44
2003-04-28,29
2003-04-29,27
2003-04-30,26
2003-05-01,28
2003-05-02,21
2003-05-03,26
2003-05-04,37
2003-05-05,34
2003-05-06,30
2003-05-07,23
2003-05-08,26
2003-05-09,25
2003-05-10,30
2003-05-11,27
2003-05-12,22
2003-05-13,24
2003-05-14,36
2003-05-15,13
2003-05-16,31
2003-05-17,29
2003-05-18,33
2003-05-19,32
2003-05-20,31
2003-05-21,26
2003-05-22,24
2003-05-23,26
2003-05-24,22
2003-05-25,25
2003-05-26,31
2003-05-27,28
2003-05-28,29
2003-05-29,24
2003-05-30,25
2003-05-31,20
2003-06-01,30
2003-06-02,18
2003-06-03,30
2003-06-04,17
2003-06-05,27
2003-06-06,33
2003-06-07,24
2003-06-08,33
2003-06-09,32
2003-06-10,27
2003-06-11,28
2003-06-12,24
2003-06-13,26
2003-06-14,29
2003-06-15,27
2003-06-16,30
2003-06-17,32
2003-06-18,27
2003-06-19,32
2003-06-20,24
2003-06-21,38
2003-06-22,24
2003-06-23,31
2003-06-24,22
2003-06-25,28
2003-06-26,20
2003-06-27,21
2003-06-28,19
2003-06-29,20
2003-06-30,27
2003-07-01,24
2003-07-02,26
2003-07-03,27
2003-07-04,24
2003-07-05,35
2003-07-06,36
2003-07-07,26
2003-07-08,25
2003-07-09,15
2003-07-10,26
2003-07-11,29
2003-07-12,23
2003-07-13,34
2003-07-14,32
2003-07-15,30
2003-07-16,26
2003-07-17,26
2003-07-18,32
2003-07-19,23
2003-07-20,26
2003-07-21,24
2003-07-22,26
2003-07-23,35
2003-07-24,30
2003-07-25,31
2003-07-26,30
2003-07-27,30
2003-07-28,34
2003-07-29,23
2003-07-30,30
2003-07-31,25
2003-08-01,24
2003-08-02,30
2003-08-03,28
2003-08-04,23
2003-08-05,21
2003-08-06,18
2003-08-07,34
2003-08-08,36
2003-08-09,21
2003-08-10,26
2003-08-11,31
2003-08-12,20
2003-08-13,23
2003-08-14,24
2003-08-15,28
2003-08-16,32
2003-08-17,22
2003-08-18,26
2003-08-19,27
2003-08-20,33
2003-08-21,32
2003-08-22,28
2003-08-23,33
2003-08-24,22
2003-08-25,20
2003-08-26,26
2003-08-27,24
2003-08-28,14
2003-08-29,25
2003-08-30,35
2003-08-31,25
2003-09-01,33
2003-09-02,27
2003-09-03,29
2003-09-04,24
2003-09-05,25
2003-09-06,29
2003-09-07,24
2003-09-08,28
2003-09-09,24
2003-09-10,24
2003-09-11,24
2003-09-12,36
2003-09-13,23
2003-09-14,34
2003-09-15,24
2003-09-16,35
2003-09-17,24
2003-09-18,31
2003-09-19,31
2003-09-20,24
2003-09-21,23
2003-09-22,31
2003-09-23,29
2003-09-24,20
2003-09-25,32
2003-09-26,22
2003-09-27,29
2003-09-28,28
2003-09-29,26
2003-09-30,24
2003-10-01,33
2003-10-02,27
2003-10-03,34
2003-10-04,21
2003-10-05,23
2003-10-06,29
2003-10-07,37
2003-10-08,20
2003-10-09,31
2003-10-10,19
2003-10-11,24
2003-10-12,26
2003-10-13,28
2003-10-14,32
2003-10-15,36
2003-10-16,29
2003-10-17,32
2003-10-18,23
2003-10-19,26
2003-10-20,29
2003-10-21,27
2003-10-22,23
2003-10-23,35
2003-10-24,25
2003-10-25,17
2003-10-26,34
2003-10-27,30
2003-10-28,29
2003-10-29,34
2003-10-30,30
2003-10-31,24
2003-11-01,23
2003-11-02,24
2003-11-03,23
2003-11-04,21
2003-11-05,35
2003-11-06,34
2003-11-07,18
2003-11-08,24
2003-11-09,27
2003-11-10,33
2003-11-11,25
2003-11-12,27
2003-11-13,38
2003-11-14,28
2003-11-15,32
2003-11-16,29
2003-11-17,24
2003-11-18,18
2003-11-19,32
2003-11-20,26
2003-11-21,22
2003-11-22,31
2003-11-23,31
2003-11-24,35
2003-11-25,31
2003-11-26,25
2003-11-27,28
2003-11-28,27
2003-11-29,25
2003-11-30,25
2003-12-01,26
2003-12-02,37
2003-12-03,29
2003-12-04,29
2003-12-05,34
2003-12-06,26
2003-12-07,22
2003-12-08,26
2003-12-09,24
2003-12-10,29
2003-12-11,28
2003-12-12,30
2003-12-13,39
2003-12-14,24
2003-12-15,33
2003-12-16,27
2003-12-17,25
2003-12-18,31
2003-12-19,26
2003-12-20,28
2003-12-21,33
2003-12-22,27
2003-12-23,25
2003-12-24,32
2003-12-25,30
2003-12-26,26
2003-12-27,25
2003-12-28,32
2003-12-29,24
2003-12-30,26
2003-12-31,24
2004-01-01,32
2004-01-02,25
2004-01-03,19
2004-01-04,28
2004-01-05,23
2004-01-06,20
2004-01-07,12
2004-01-08,30
2004-01-09,20
2004-01-10,22
2004-01-11,23
2004-01-12,25
2004-01-13,33
2004-01-14,29
2004-01-15,28
2004-01-16,31
2004-01-17,35
2004-01-18,38
2004-01-19,24
2004-01-20,25
2004-01-21,31
2004-01-22,26
2004-01-23,20
2004-01-24,42
2004-01-25,24
2004-01-26,26
2004-01-27,28
2004-01-28,21
2004-01-29,25
2004-01-30,28
2004-01-31,27
2004-02-01,39
2004-02-02,23
2004-02-03,20
2004-02-04,28
2004-02-05,27
2004-02-06,33
2004-02-07,31
2004-02-08,36
2004-02-09,17
2004-02-10,19
2004-02-11,31
2004-02-12,32
2004-02-13,22
2004-02-14,22
2004-02-15,26
2004-02-16,39
2004-02-17,27
2004-02-18,25
2004-02-19,25
2004-02-20,29
2004-02-21,28
2004-02-22,20
2004-02-23,26
2004-02-24,24
2004-02-25,23
2004-02-26,29
2004-02-27,21
2004-02-28,25
2004-02-29,25
2004-03-01,22
2004-03-02,27
2004-03-03,25
2004-03-04,30
2004-03-05,32
2004-03-06,25
2004-03-07,29
2004-03-08,20
2004-03-09,24
2004-03-10,23
2004-03-11,31
2004-03-12,22
2004-03-13,31
2004-03-14,34
2004-03-15,30
2004-03-16,32
2004-03-17,29
2004-03-18,30
2004-03-19,22
2004-03-20,27
2004-03-21,19
2004-03-22,29
2004-03-23,30
2004-03-24,18
2004-03-25,24
2004-03-26,21
2004-03-27,17
2004-03-28,26
2004-03-29,20
2004-03-30,26
2004-03-31,19
2004-04-01,28
2004-04-02,22
2004-04-03,36
2004-04-04,28
2004-04-05,19
2004-04-06,23
2004-04-07,20
2004-04-08,28
2004-04-09,22
2004-04-10,32
2004-04-11,28
2004-04-12,23
2004-04-13,34
2004-04-14,20
2004-04-15,23
2004-04-16,27
2004-04-17,29
2004-04-18,23
2004-04-19,34
2004-04-20,23
2004-04-21,28
2004-04-22,29
2004-04-23,21
2004-04-24,40
2004-04-25,26
2004-04-26,26
2004-04-27,18
2004-04-28,40
2004-04-29,31
2004-04-30,28
2004-05-01,24
2004-05-02,25
2004-05-03,28
2004-05-04,27
2004-05-05,21
2004-05-06,31
2004-05-07,29
2004-05-08,29
2004-05-09,35
2004-05-10,30
2004-05-11,37
2004-05-12,30
2004-05-13,27
2004-05-14,24
2004-05-15,34
2004-05-16,35
2004-05-17,28
2004-05-18,30
2004-05-19,21
2004-05-20,19
2004-05-21,26
2004-05-22,27
2004-05-23,34
2004-05-24,26
2004-05-25,24
2004-05-26,21
2004-05-27,22
2004-05-28,29
2004-05-29,30
2004-05-30,29
2004-05-31,32
2004-06-01,26
2004-06-02,24
2004-06-03,24
2004-06-04,25
2004-06-05,25
2004-06-06,18
2004-06-07,23
2004-06-08,27
2004-06-09,34
2004-06-10,34
2004-06-11,30
2004-06-12,26
2004-06-13,30
2004-06-14,26
2004-06-15,35
2004-06-16,29
2004-06-17,39
2004-06-18,25
2004-06-19,24
2004-06-20,25
2004-06-21,26
2004-06-22,32
2004-06-23,33
2004-06-24,21
2004-06-25,29
2004-06-26,24
2004-06-27,31
2004-06-28,35
2004-06-29,31
2004-06-30,31
2004-07-01,39
2004-07-02,21
2004-07-03,21
2004-07-04,30
2004-07-05,26
2004-07-06,22
2004-07-07,15
2004-07-08,25
2004-07-09,28
2004-07-10,42
2004-07-11,20
2004-07-12,28
2004-07-13,29
2004-07-14,33
2004-07-15,33
2004-07-16,21
2004-07-17,26
2004-07-18,22
2004-07-19,23
2004-07-20,30
2004-07-21,31
2004-07-22,28
2004-07-23,32
2004-07-24,23
2004-07-25,20
2004-07-26,20
2004-07-27,22
2004-07-28,31
2004-07-29,37
2004-07-30,29
2004-07-31,19
2004-08-01,24
2004-08-02,34
2004-08-03,33
2004-08-04,18
2004-08-05,31
2004-08-06,26
2004-08-07,22
2004-08-08,29
2004-08-09,29
2004-08-10,31
2004-08-11,30
2004-08-12,31
2004-08-13,20
2004-08-14,31
2004-08-15,29
2004-08-16,29
2004-08-17,16
2004-08-18,27
2004-08-19,19
2004-08-20,32
2004-08-21,26
2004-08-22,29
2004-08-23,26
2004-08-24,25
2004-08-25,37
2004-08-26,28
2004-08-27,25
2004-08-28,34
2004-08-29,24
2004-08-30,27
2004-08-31,21
2004-09-01,22
2004-09-02,26
2004-09-03,28
2004-09-04,25
2004-09-05,22
2004-09-06,30
2004-09-07,30
2004-09-08,31
2004-09-09,22
2004-09-10,17
2004-09-11,31
2004-09-12,26
2004-09-13,17
2004-09-14,26
2004-09-15,31
2004-09-16,23
2004-09-17,30
2004-09-18,19
2004-09-19,26
2004-09-20,25
2004-09-21,26
2004-09-22,28
2004-09-23,28
2004-09-24,33
2004-09-25,32
2004-09-26,29
2004-09-27,24
2004-09-28,26
2004-09-29,27
2004-09-30,32
2004-10-01,33
2004-10-02,24
2004-10-03,34
2004-10-04,27
2004-10-05,31
2004-10-06,25
2004-10-07,42
2004-10-08,17
2004-10-09,32
2004-10-10,33
2004-10-11,37
2004-10-12,21
2004-10-13,31
2004-10-14,24
2004-10-15,21
2004-10-16,18
2004-10-17,21
2004-10-18,26
2004-10-19,37
2004-10-20,45
2004-10-21,18
2004-10-22,26
2004-10-23,19
2004-10-24,23
2004-10-25,24
2004-10-26,27
2004-10-27,21
2004-10-28,33
2004-10-29,19
2004-10-30,25
2004-10-31,25
2004-11-01,26
2004-11-02,24
2004-11-03,30
2004-11-04,38
2004-11-05,22
2004-11-06,35
2004-11-07,20
2004-11-08,30
2004-11-09,30
2004-11-10,27
2004-11-11,19
2004-11-12,22
2004-11-13,34
2004-11-14,32
2004-11-15,24
2004-11-16,18
2004-11-17,31
2004-11-18,27
2004-11-19,26
2004-11-20,29
2004-11-21,31
2004-11-22,23
2004-11-23,25
2004-11-24,27
2004-11-25,21
2004-11-26,28
2004-11-27,28
2004-11-28,34
2004-11-29,28
2004-11-30,32
2004-12-01,31
2004-12-02,34
2004-12-03,30
2004-12-04,19
2004-12-05,36
2004-12-06,23
2004-12-07,36
2004-12-08,24
2004-12-09,24
2004-12-10,27
2004-12-11,27
2004-12-12,23
2004-12-13,20
2004-12-14,32
2004-12-15,22
2004-12-16,30
2004-12-17,25
2004-12-18,29
2004-12-19,24
2004-12-20,39
2004-12-21,18
2004-12-22,27
2004-12-23,27
2004-12-24,25
2004-12-25,24
2004-12-26,29
2004-12-27,22
2004-12-28,19
2004-12-29,28
2004-12-30,30
2004-12-31,19
2005-01-01,27
2005-01-02,15
2005-01-03,28
2005-01-04,23
2005-01-05,37
2005-01-06,27
2005-01-07,28
2005-01-08,20
2005-01-09,26
2005-01-10,24
2005-01-11,27
2005-01-12,27
2005-01-13,29
2005-01-14,23
2005-01-15,24
2005-01-16,22
2005-01-17,23
2005-01-18,34
2005-01-19,35
2005-01-20,26
2005-01-21,23
2005-01-22,29
2005-01-23,30
2005-01-24,21
2005-01-25,23
2005-01-26,21
2005-01-27,33
2005-01-28,23
2005-01-29,31
2005-01-30,30
2005-01-31,26
2005-02-01,30
2005-02-02,32
2005-02-03,32
2005-02-04,21
2005-02-05,25
2005-02-06,25
2005-02-07,20
2005-02-08,16
2005-02-09,10
2005-02-10,22
2005-02-11,32
2005-02-12,31
2005-02-13,30
2005-02-14,22
2005-02-15,29
2005-02-16,16
2005-02-17,29
2005-02-18,23
2005-02-19,28
2005-02-20,35
2005-02-21,28
2005-02-22,37
2005-02-23,27
2005-02-24,23
2005-02-25,29
2005-02-26,27
2005-02-27,27
2005-02-28,26
2005-03-01,24
2005-03-02,25
2005-03-03,21
2005-03-04,31
2005-03-05,20
2005-03-06,24
2005-03-07,27
2005-03-08,24
2005-03-09,23
2005-03-10,35
2005-03-11,33
2005-03-12,28
2005-03-13,20
2005-03-14,23
2005-03-15,23
2005-03-16,25
2005-03-17,31
2005-03-18,31
2005-03-19,35
2005-03-20,29
2005-03-21,22
2005-03-22,28
2005-03-23,28
2005-03-24,28
2005-03-25,32
2005-03-26,28
2005-03-27,26
2005-03-28,28
2005-03-29,28
2005-03-30,31
2005-03-31,20
2005-04-01,32
2005-04-02,26
2005-04-03,21
2005-04-04,28
2005-04-05,31
2005-04-06,21
2005-04-07,25
2005-04-08,24
2005-04-09,20
2005-04-10,18
2005-04-11,28
2005-04-12,27
2005-04-13,27
2005-04-14,25
2005-04-15,23
2005-04-16,26
2005-04-17,32
2005-04-18,31
2005-04-19,20
2005-04-20,26
2005-04-21,30
2005-04-22,37
2005-04-23,35
2005-04-24,21
2005-04-25,23
2005-04-26,25
2005-04-27,18
2005-04-28,21
2005-04-29,27
2005-04-30,30
2005-05-01,29
2005-05-02,28
2005-05-03,40
2005-05-04,33
2005-05-05,31
2005-05-06,21
2005-05-07,26
2005-05-08,24
2005-05-09,20
2005-05-10,23
2005-05-11,30
2005-05-12,22
2005-05-13,29
2005-05-14,29
2005-05-15,31
2005-05-16,23
2005-05-17,24
2005-05-18,24
2005-05-19,23
2005-05-20,17
2005-05-21,32
2005-05-22,32
2005-05-23,22
2005-05-24,23
2005-05-25,15
2005-05-26,31
2005-05-27,34
2005-05-28,22
2005-05-29,27
2005-05-30,23
2005-05-31,26
2005-06-01,27
2005-06-02,24
2005-06-03,25
2005-06-04,27
2005-06-05,27
2005-06-06,26
2005-06-07,20
2005-06-08,24
2005-06-09,25
2005-06-10,29
2005-06-11,20
2005-06-12,36
2005-06-13,36
2005-06-14,31
2005-06-15,24
2005-06-16,21
2005-06-17,25
2005-06-18,30
2005-06-19,32
2005-06-20,20
2005-06-21,14
2005-06-22,24
2005-06-23,35
2005-06-24,33
2005-06-25,25
2005-06-26,33
2005-06-27,23
2005-06-28,37
2005-06-29,29
2005-06-30,32
2005-07-01,27
2005-07-02,32
2005-07-03,29
2005-07-04,31
2005-07-05,28
2005-07-06,25
2005-07-07,36
2005-07-08,19
2005-07-09,26
2005-07-10,25
2005-07-11,26
2005-07-12,28
2005-07-13,32
2005-07-14,33
2005-07-15,36
2005-07-16,24
2005-07-17,25
2005-07-18,19
2005-07-19,21
2005-07-20,24
2005-07-21,19
2005-07-22,25
2005-07-23,29
2005-07-24,29
2005-07-25,32
2005-07-26,30
2005-07-27,24
2005-07-28,23
2005-07-29,34
2005-07-30,35
2005-07-31,19
2005-08-01,33
2005-08-02,30
2005-08-03,27
2005-08-04,27
2005-08-05,31
2005-08-06,22
2005-08-07,43
2005-08-08,21
2005-08-09,31
2005-08-10,28
2005-08-11,37
2005-08-12,25
2005-08-13,27
2005-08-14,23
2005-08-15,33
2005-08-16,27
2005-08-17,31
2005-08-18,26
2005-08-19,31
2005-08-20,28
2005-08-21,27
2005-08-22,22
2005-08-23,27
2005-08-24,27
2005-08-25,27
2005-08-26,14
2005-08-27,29
2005-08-28,31
2005-08-29,15
2005-08-30,24
2005-08-31,35
2005-09-01,27
2005-09-02,29
2005-09-03,23
2005-09-04,23
2005-09-05,29
2005-09-06,38
2005-09-07,23
2005-09-08,24
2005-09-09,29
2005-09-10,23
2005-09-11,29
2005-09-12,23
2005-09-13,26
2005-09-14,21
2005-09-15,35
2005-09-16,25
2005-09-17,36
2005-09-18,33
2005-09-19,38
2005-09-20,21
2005-09-21,19
2005-09-22,22
2005-09-23,17
2005-09-24,24
2005-09-25,32
2005-09-26,25
2005-09-27,25
2005-09-28,26
2005-09-29,27
2005-09-30,21
2005-10-01,26
2005-10-02,18
2005-10-03,27
2005-10-04,30
2005-10-05,21
2005-10-06,23
2005-10-07,48
2005-10-08,19
2005-10-09,26
2005-10-10,25
2005-10-11,24
2005-10-12,21
2005-10-13,30
2005-10-14,31
2005-10-15,23
2005-10-16,28
2005-10-17,31
2005-10-18,24
2005-10-19,25
2005-10-20,31
2005-10-21,24
2005-10-22,19
2005-10-23,27
2005-10-24,31
2005-10-25,19
2005-10-26,33
2005-10-27,32
2005-10-28,17
2005-10-29,21
2005-10-30,28
2005-10-31,27
2005-11-01,26
2005-11-02,28
2005-11-03,32
2005-11-04,28
2005-11-05,22
2005-11-06,24
2005-11-07,30
2005-11-08,25
2005-11-09,32
2005-11-10,24
2005-11-11,31
2005-11-12,24
2005-11-13,37
2005-11-14,26
2005-11-15,28
2005-11-16,23
2005-11-17,35
2005-11-18,31
2005-11-19,29
2005-11-20,30
2005-11-21,23
2005-11-22,30
2005-11-23,27
2005-11-24,28
2005-11-25,18
2005-11-26,23
2005-11-27,28
2005-11-28,39
2005-11-29,30
2005-11-30,29
2005-12-01,22
2005-12-02,29
2005-12-03,22
2005-12-04,27
2005-12-05,20
2005-12-06,37
2005-12-07,28
2005-12-08,31
2005-12-09,27
2005-12-10,22
2005-12-11,33
2005-12-12,21
2005-12-13,36
2005-12-14,36
2005-12-15,35
2005-12-16,22
2005-12-17,24
2005-12-18,42
2005-12-19,32
2005-12-20,30
2005-12-21,34
2005-12-22,29
2005-12-23,29
2005-12-24,32
2005-12-25,27
2005-12-26,25
2005-12-27,24
2005-12-28,33
2005-12-29,28
2005-12-30,21
2005-12-31,23
2006-01-01,19
2006-01-02,29
2006-01-03,28
2006-01-04,24
2006-01-05,26
2006-01-06,19
2006-01-07,15
2006-01-08,23
2006-01-09,21
2006-01-10,19
2006-01-11,27
2006-01-12,28
2006-01-13,26
2006-01-14,33
2006-01-15,33
2006-01-16,29
2006-01-17,20
2006-01-18,21
2006-01-19,14
2006-01-20,28
2006-01-21,21
2006-01-22,34
2006-01-23,29
2006-01-24,22
2006-01-25,28
2006-01-26,29
2006-01-27,21
2006-01-28,18
2006-01-29,20
2006-01-30,29
2006-01-31,32
2006-02-01,29
2006-02-02,25
2006-02-03,22
2006-02-04,39
2006-02-05,35
2006-02-06,34
2006-02-07,28
2006-02-08,32
2006-02-09,23
2006-02-10,36
2006-02-11,21
2006-02-12,26
2006-02-13,34
2006-02-14,32
2006-02-15,29
2006-02-16,34
2006-02-17,21
2006-02-18,33
2006-02-19,21
2006-02-20,27
2006-02-21,25
2006-02-22,28
2006-02-23,28
2006-02-24,28
2006-02-25,24
2006-02-26,22
2006-02-27,24
2006-02-28,28
2006-03-01,20
2006-03-02,31
2006-03-03,25
2006-03-04,33
2006-03-05,27
2006-03-06,34
2006-03-07,24
2006-03-08,24
2006-03-09,26
2006-03-10,26
2006-03-11,23
2006-03-12,30
2006-03-13,33
2006-03-14,25
2006-03-15,21
2006-03-16,26
2006-03-17,35
2006-03-18,27
2006-03-19,19
2006-03-20,19
2006-03-21,23
2006-03-22,29
2006-03-23,35
2006-03-24,21
2006-03-25,20
2006-03-26,27
2006-03-27,17
2006-03-28,31
2006-03-29,20
2006-03-30,31
2006-03-31,23
2006-04-01,31
2006-04-02,31
2006-04-03,25
2006-04-04,30
2006-04-05,33
2006-04-06,27
2006-04-07,33
2006-04-08,29
2006-04-09,26
2006-04-10,26
2006-04-11,21
2006-04-12,22
2006-04-13,28
2006-04-14,30
2006-04-15,26
2006-04-16,25
2006-04-17,26
2006-04-18,32
2006-04-19,20
2006-04-20,37
2006-04-21,24
2006-04-22,26
2006-04-23,22
2006-04-24,26
2006-04-25,30
2006-04-26,22
2006-04-27,28
2006-04-28,20
2006-04-29,31
2006-04-30,23
2006-05-01,29
2006-05-02,28
2006-05-03,27
2006-05-04,28
2006-05-05,33
2006-05-06,25
2006-05-07,36
2006-05-08,25
2006-05-09,24
2006-05-10,24
2006-05-11,21
2006-05-12,26
2006-05-13,26
2006-05-14,23
2006-05-15,32
2006-05-16,25
2006-05-17,33
2006-05-18,35
2006-05-19,22
2006-05-20,32
2006-05-21,23
2006-05-22,31
2006-05-23,18
2006-05-24,26
2006-05-25,25
2006-05-26,32
2006-05-27,20
2006-05-28,31
2006-05-29,25
2006-05-30,20
2006-05-31,16
2006-06-01,29
2006-06-02,27
2006-06-03,25
2006-06-04,24
2006-06-05,27
2006-06-06,27
2006-06-07,26
2006-06-08,24
2006-06-09,21
2006-06-10,21
2006-06-11,30
2006-06-12,22
2006-06-13,30
2006-06-14,26
2006-06-15,28
2006-06-16,27
2006-06-17,24
2006-06-18,28
2006-06-19,32
2006-06-20,28
2006-06-21,29
2006-06-22,26
2006-06-23,36
2006-06-24,33
2006-06-25,22
2006-06-26,28
2006-06-27,32
2006-06-28,25
2006-06-29,25
2006-06-30,30
2006-07-01,25
2006-07-02,22
2006-07-03,26
2006-07-04,28
2006-07-05,22
2006-07-06,27
2006-07-07,28
2006-07-08,22
2006-07-09,21
2006-07-10,31
2006-07-11,24
2006-07-12,31
2006-07-13,24
2006-07-14,25
2006-07-15,21
2006-07-16,19
2006-07-17,41
2006-07-18,27
2006-07-19,31
2006-07-20,24
2006-07-21,31
2006-07-22,38
2006-07-23,28
2006-07-24,22
2006-07-25,28
2006-07-26,16
2006-07-27,22
2006-07-28,23
2006-07-29,25
2006-07-30,36
2006-07-31,25
2006-08-01,25
2006-08-02,29
2006-08-03,28
2006-08-04,31
2006-08-05,21
2006-08-06,36
2006-08-07,22
2006-08-08,24
2006-08-09,20
2006-08-10,26
2006-08-11,29
2006-08-12,33
2006-08-13,24
2006-08-14,31
2006-08-15,30
2006-08-16,29
2006-08-17,27
2006-08-18,25
2006-08-19,21
2006-08-20,27
2006-08-21,21
2006-08-22,23
2006-08-23,30
2006-08-24,30
2006-08-25,21
2006-08-26,18
2006-08-27,28
2006-08-28,29
2006-08-29,27
2006-08-30,22
2006-08-31,30
2006-09-01,29
2006-09-02,23
2006-09-03,22
2006-09-04,33
2006-09-05,20
2006-09-06,29
2006-09-07,31
2006-09-08,27
2006-09-09,25
2006-09-10,30
2006-09-11,24
2006-09-12,27
2006-09-13,28
2006-09-14,21
2006-09-15,27
2006-09-16,26
2006-09-17,31
2006-09-18,32
2006-09-19,28
2006-09-20,30
2006-09-21,32
2006-09-22,26
2006-09-23,29
2006-09-24,36
2006-09-25,31
2006-09-26,23
2006-09-27,28
2006-09-28,34
2006-09-29,21
2006-09-30,29
2006-10-01,28
2006-10-02,25
2006-10-03,33
2006-10-04,28
2006-10-05,23
2006-10-06,30
2006-10-07,22
2006-10-08,28
2006-10-09,21
2006-10-10,28
2006-10-11,22
2006-10-12,24
2006-10-13,25
2006-10-14,19
2006-10-15,30
2006-10-16,18
2006-10-17,23
2006-10-18,25
2006-10-19,35
2006-10-20,28
2006-10-21,23
2006-10-22,31
2006-10-23,28
2006-10-24,29
2006-10-25,23
2006-10-26,31
2006-10-27,27
2006-10-28,37
2006-10-29,24
2006-10-30,32
2006-10-31,25
2006-11-01,29
2006-11-02,26
2006-11-03,23
2006-11-04,31
2006-11-05,32
2006-11-06,24
2006-11-07,27
2006-11-08,23
2006-11-09,31
2006-11-10,28
2006-11-11,28
2006-11-12,28
2006-11-13,27
2006-11-14,26
2006-11-15,26
2006-11-16,24
2006-11-17,22
2006-11-18,32
2006-11-19,22
2006-11-20,20
2006-11-21,26
2006-11-22,20
2006-11-23,24
2006-11-24,29
2006-11-25,26
2006-11-26,30
2006-11-27,25
2006-11-28,30
2006-11-29,16
2006-11-30,33
2006-12-01,22
2006-12-02,32
2006-12-03,31
2006-12-04,29
2006-12-05,28
2006-12-06,28
2006-12-07,24
2006-12-08,31
2006-12-09,38
2006-12-10,24
2006-12-11,35
2006-12-12,26
2006-12-13,33
2006-12-14,26
2006-12-15,28
2006-12-16,16
2006-12-17,33
2006-12-18,30
2006-12-19,17
2006-12-20,25
2006-12-21,35
2006-12-22,27
2006-12-23,27
2006-12-24,30
2006-12-25,27
2006-12-26,24
2006-12-27,26
2006-12-28,34
2006-12-29,35
2006-12-30,20
2006-12-31,28
2007-01-01,31
2007-01-02,24
2007-01-03,24
2007-01-04,24
2007-01-05,27
2007-01-06,27
2007-01-07,27
2007-01-08,27
2007-01-09,18
2007-01-10,39
2007-01-11,26
2007-01-12,29
2007-01-13,23
2007-01-14,26
2007-01-15,29
2007-01-16,23
2007-01-17,30
2007-01-18,19
2007-01-19,28
2007-01-20,31
2007-01-21,30
2007-01-22,28
2007-01-23,22
2007-01-24,31
2007-01-25,25
2007-01-26,28
2007-01-27,24
2007-01-28,28
2007-01-29,34
2007-01-30,30
2007-01-31,28
2007-02-01,25
2007-02-02,32
2007-02-03,23
2007-02-04,33
2007-02-05,29
2007-02-06,35
2007-02-07,26
2007-02-08,27
2007-02-09,20
2007-02-10,25
2007-02-11,28
2007-02-12,31
2007-02-13,40
2007-02-14,25
2007-02-15,21
2007-02-16,31
2007-02-17,28
2007-02-18,35
2007-02-19,21
2007-02-20,31
2007-02-21,28
2007-02-22,20
2007-02-23,27
2007-02-24,29
2007-02-25,26
2007-02-26,21
2007-02-27,20
2007-02-28,27
2007-03-01,25
2007-03-02,37
2007-03-03,25
2007-03-04,24
2007-03-05,18
2007-03-06,25
2007-03-07,37
2007-03-08,25
2007-03-09,22
2007-03-10,34
2007-03-11,27
2007-03-12,26
2007-03-13,36
2007-03-14,34
2007-03-15,23
2007-03-16,33
2007-03-17,36
2007-03-18,27
2007-03-19,32
2007-03-20,16
2007-03-21,21
2007-03-22,33
2007-03-23,25
2007-03-24,23
2007-03-25,31
2007-03-26,32
2007-03-27,28
2007-03-28,21
2007-03-29,27
2007-03-30,30
2007-03-31,27
2007-04-01,30
2007-04-02,29
2007-04-03,25
2007-04-04,20
2007-04-05,28
2007-04-06,22
2007-04-07,33
2007-04-08,25
2007-04-09,36
2007-04-10,17
2007-04-11,25
2007-04-12,29
2007-04-13,26
2007-04-14,27
2007-04-15,30
2007-04-16,28
2007-04-17,25
2007-04-18,28
2007-04-19,26
2007-04-20,23
2007-04-21,23
2007-04-22,24
2007-04-23,26
2007-04-24,23
2007-04-25,31
2007-04-26,16
2007-04-27,30
2007-04-28,23
2007-04-29,29
2007-04-30,20
2007-05-01,25
2007-05-02,27
2007-05-03,34
2007-05-04,35
2007-05-05,35
2007-05-06,27
2007-05-07,23
2007-05-08,30
2007-05-09,27
2007-05-10,36
2007-05-11,32
2007-05-12,35
2007-05-13,31
2007-05-14,24
2007-05-15,24
2007-05-16,26
2007-05-17,29
2007-05-18,22
2007-05-19,22
2007-05-20,31
2007-05-21,28
2007-05-22,28
2007-05-23,25
2007-05-24,25
2007-05-25,20
2007-05-26,20
2007-05-27,41
2007-05-28,30
2007-05-29,35
2007-05-30,32
2007-05-31,24
2007-06-01,34
2007-06-02,30
2007-06-03,21
2007-06-04,18
2007-06-05,27
2007-06-06,33
2007-06-07,23
2007-06-08,23
2007-06-09,23
2007-06-10,22
2007-06-11,24
2007-06-12,26
2007-06-13,18
2007-06-14,26
2007-06-15,28
2007-06-16,23
2007-06-17,37
2007-06-18,29
2007-06-19,19
2007-06-20,29
2007-06-21,27
2007-06-22,27
2007-06-23,26
2007-06-24,29
2007-06-25,37
2007-06-26,21
2007-06-27,31
2007-06-28,26
2007-06-29,26
2007-06-30,28
2007-07-01,33
2007-07-02,22
2007-07-03,27
2007-07-04,30
2007-07-05,26
2007-07-06,38
2007-07-07,27
2007-07-08,40
2007-07-09,19
2007-07-10,33
2007-07-11,20
2007-07-12,27
2007-07-13,30
2007-07-14,15
2007-07-15,28
2007-07-16,29
2007-07-17,26
2007-07-18,27
2007-07-19,30
2007-07-20,30
2007-07-21,23
2007-07-22,24
2007-07-23,23
2007-07-24,33
2007-07-25,31
2007-07-26,29
2007-07-27,17
2007-07-28,29
2007-07-29,28
2007-07-30,18
2007-07-31,29
2007-08-01,20
2007-08-02,27
2007-08-03,21
2007-08-04,23
2007-08-05,20
2007-08-06,25
2007-08-07,25
2007-08-08,24
2007-08-09,27
2007-08-10,23
2007-08-11,26
2007-08-12,32
2007-08-13,21
2007-08-14,32
2007-08-15,29
2007-08-16,27
2007-08-17,19
2007-08-18,17
2007-08-19,33
2007-08-20,24
2007-08-21,34
2007-08-22,22
2007-08-23,21
2007-08-24,31
2007-08-25,30
2007-08-26,25
2007-08-27,27
2007-08-28,24
2007-08-29,23
2007-08-30,30
2007-08-31,27
2007-09-01,30
2007-09-02,32
2007-09-03,28
2007-09-04,19
2007-09-05,35
2007-09-06,35
2007-09-07,32
2007-09-08,27
2007-09-09,34
2007-09-10,19
2007-09-11,23
2007-09-12,23
2007-09-13,21
2007-09-14,18
2007-09-15,25
2007-09-16,33
2007-09-17,23
2007-09-18,19
2007-09-19,26
2007-09-20,28
2007-09-21,27
2007-09-22,25
2007-09-23,31
2007-09-24,24
2007-09-25,23
2007-09-26,30
2007-09-27,21
2007-09-28,31
2007-09-29,37
2007-09-30,29
2007-10-01,28
2007-10-02,28
2007-10-03,23
2007-10-04,23
2007-10-05,34
2007-10-06,25
2007-10-07,28
2007-10-08,31
2007-10-09,21
2007-10-10,27
2007-10-11,35
2007-10-12,26
2007-10-13,29
2007-10-14,21
2007-10-15,32
2007-10-16,21
2007-10-17,22
2007-10-18,32
2007-10-19,29
2007-10-20,24
2007-10-21,22
2007-10-22,25
2007-10-23,28
2007-10-24,31
2007-10-25,28
2007-10-26,25
2007-10-27,28
2007-10-28,21
2007-10-29,30
2007-10-30,31
2007-10-31,25
2007-11-01,21
2007-11-02,33
2007-11-03,19
2007-11-04,29
2007-11-05,37
2007-11-06,26
2007-11-07,29
2007-11-08,28
2007-11-09,21
2007-11-10,27
2007-11-11,30
2007-11-12,26
2007-11-13,31
2007-11-14,25
2007-11-15,23
2007-11-16,39
2007-11-17,27
2007-11-18,31
2007-11-19,23
2007-11-20,26
2007-11-21,33
2007-11-22,16
2007-11-23,30
2007-11-24,27
2007-11-25,35
2007-11-26,29
2007-11-27,22
2007-11-28,26
2007-11-29,24
2007-11-30,32
2007-12-01,24
2007-12-02,23
2007-12-03,27
2007-12-04,27
2007-12-05,31
2007-12-06,21
2007-12-07,22
2007-12-08,30
2007-12-09,29
2007-12-10,28
2007-12-11,24
2007-12-12,29
2007-12-13,25
2007-12-14,17
2007-12-15,31
2007-12-16,27
2007-12-17,19
2007-12-18,32
2007-12-19,20
2007-12-20,34
2007-12-21,19
2007-12-22,28
2007-12-23,19
2007-12-24,32
2007-12-25,39
2007-12-26,30
2007-12-27,22
2007-12-28,30
2007-12-29,21
2007-12-30,24
2007-12-31,24
2008-01-01,31
2008-01-02,28
2008-01-03,35
2008-01-04,31
2008-01-05,21
2008-01-06,25
2008-01-07,26
2008-01-08,32
2008-01-09,42
2008-01-10,22
2008-01-11,31
2008-01-12,22
2008-01-13,33
2008-01-14,23
2008-01-15,35
2008-01-16,23
2008-01-17,22
2008-01-18,29
2008-01-19,26
2008-01-20,25
2008-01-21,28
2008-01-22,31
2008-01-23,28
2008-01-24,28
2008-01-25,18
2008-01-26,26
2008-01-27,29
2008-01-28,30
2008-01-29,26
2008-01-30,29
2008-01-31,30
2008-02-01,29
2008-02-02,22
2008-02-03,29
2008-02-04,33
2008-02-05,32
2008-02-06,25
2008-02-07,21
2008-02-08,32
2008-02-09,25
2008-02-10,28
2008-02-11,24
2008-02-12,26
2008-02-13,28
2008-02-14,26
2008-02-15,22
2008-02-16,30
2008-02-17,31
2008-02-18,25
2008-02-19,30
2008-02-20,18
2008-02-21,30
2008-02-22,28
2008-02-23,29
2008-02-24,29
2008-02-25,28
2008-02-26,25
2008-02-27,23
2008-02-28,17
2008-02-29,23
2008-03-01,19
2008-03-02,30
2008-03-03,25
2008-03-04,27
2008-03-05,25
2008-03-06,36
2008-03-07,31
2008-03-08,18
2008-03-09,19
2008-03-10,31
2008-03-11,25
2008-03-12,24
2008-03-13,34
2008-03-14,25
2008-03-15,36
2008-03-16,30
2008-03-17,28
2008-03-18,23
2008-03-19,28
2008-03-20,23
2008-03-21,24
2008-03-22,28
2008-03-23,26
2008-03-24,26
2008-03-25,24
2008-03-26,32
2008-03-27,24
2008-03-28,26
2008-03-29,27
2008-03-30,30
2008-03-31,14
2008-04-01,31
2008-04-02,38
2008-04-03,29
2008-04-04,22
2008-04-05,20
2008-04-06,32
2008-04-07,27
2008-04-08,18
2008-04-09,27
2008-04-10,22
2008-04-11,27
2008-04-12,21
2008-04-13,29
2008-04-14,27
2008-04-15,30
2008-04-16,20
2008-04-17,32
2008-04-18,31
2008-04-19,24
2008-04-20,25
2008-04-21,23
2008-04-22,26
2008-04-23,20
2008-04-24,27
2008-04-25,22
2008-04-26,25
2008-04-27,26
2008-04-28,24
2008-04-29,25
2008-04-30,23
2008-05-01,28
2008-05-02,29
2008-05-03,18
2008-05-04,24
2008-05-05,22
2008-05-06,26
2008-05-07,26
2008-05-08,31
2008-05-09,23
2008-05-10,42
2008-05-11,40
2008-05-12,20
2008-05-13,31
2008-05-14,26
2008-05-15,34
2008-05-16,22
2008-05-17,29
2008-05-18,26
2008-05-19,26
2008-05-20,30
2008-05-21,23
2008-05-22,29
2008-05-23,22
2008-05-24,33
2008-05-25,26
2008-05-26,34
2008-05-27,33
2008-05-28,26
2008-05-29,33
2008-05-30,27
2008-05-31,27
2008-06-01,19
2008-06-02,30
2008-06-03,25
2008-06-04,24
2008-06-05,36
2008-06-06,34
2008-06-07,25
2008-06-08,32
2008-06-09,27
2008-06-10,30
2008-06-11,31
2008-06-12,26
2008-06-13,23
2008-06-14,35
2008-06-15,28
2008-06-16,30
2008-06-17,24
2008-06-18,32
2008-06-19,19
2008-06-20,25
2008-06-21,31
2008-06-22,26
2008-06-23,31
2008-06-24,20
2008-06-25,28
2008-06-26,26
2008-06-27,25
2008-06-28,27
2008-06-29,27
2008-06-30,23
2008-07-01,24
2008-07-02,25
2008-07-03,27
2008-07-04,20
2008-07-05,25
2008-07-06,18
2008-07-07,27
2008-07-08,26
2008-07-09,30
2008-07-10,24
2008-07-11,24
2008-07-12,24
2008-07-13,28
2008-07-14,19
2008-07-15,29
2008-07-16,24
2008-07-17,26
2008-07-18,20
2008-07-19,24
2008-07-20,20
2008-07-21,33
2008-07-22,26
2008-07-23,31
2008-07-24,33
2008-07-25,34
2008-07-26,26
2008-07-27,24
2008-07-28,26
2008-07-29,28
2008-07-30,29
2008-07-31,29
2008-08-01,35
2008-08-02,23
2008-08-03,30
2008-08-04,32
2008-08-05,21
2008-08-06,36
2008-08-07,21
2008-08-08,19
2008-08-09,23
2008-08-10,30
2008-08-11,30
2008-08-12,30
2008-08-13,32
2008-08-14,29
2008-08-15,22
2008-08-16,29
2008-08-17,26
2008-08-18,28
2008-08-19,26
2008-08-20,31
2008-08-21,28
2008-08-22,41
2008-08-23,20
2008-08-24,29
2008-08-25,24
2008-08-26,24
2008-08-27,25
2008-08-28,26
2008-08-29,24
2008-08-30,30
2008-08-31,30
2008-09-01,22
2008-09-02,20
2008-09-03,30
2008-09-04,26
2008-09-05,41
2008-09-06,20
2008-09-07,32
2008-09-08,28
2008-09-09,14
2008-09-10,24
2008-09-11,24
2008-09-12,29
2008-09-13,22
2008-09-14,19
2008-09-15,30
2008-09-16,27
2008-09-17,30
2008-09-18,25
2008-09-19,20
2008-09-20,34
2008-09-21,25
2008-09-22,23
2008-09-23,33
2008-09-24,35
2008-09-25,28
2008-09-26,23
2008-09-27,27
2008-09-28,19
2008-09-29,31
2008-09-30,27
2008-10-01,33
2008-10-02,32
2008-10-03,23
2008-10-04,21
2008-10-05,26
2008-10-06,31
2008-10-07,19
2008-10-08,19
2008-10-09,24
2008-10-10,35
2008-10-11,18
2008-10-12,37
2008-10-13,21
2008-10-14,22
2008-10-15,24
2008-10-16,27
2008-10-17,21
2008-10-18,23
2008-10-19,27
2008-10-20,26
2008-10-21,34
2008-10-22,27
2008-10-23,27
2008-10-24,34
2008-10-25,28
2008-10-26,26
2008-10-27,27
2008-10-28,38
2008-10-29,31
2008-10-30,25
2008-10-31,19
2008-11-01,20
2008-11-02,26
2008-11-03,27
2008-11-04,30
2008-11-05,18
2008-11-06,28
2008-11-07,22
2008-11-08,38
2008-11-09,34
2008-11-10,24
2008-11-11,36
2008-11-12,29
2008-11-13,37
2008-11-14,18
2008-11-15,31
2008-11-16,23
2008-11-17,29
2008-11-18,14
2008-11-19,30
2008-11-20,26
2008-11-21,27
2008-11-22,26
2008-11-23,22
2008-11-24,16
2008-11-25,29
2008-11-26,28
2008-11-27,21
2008-11-28,23
2008-11-29,30
2008-11-30,27
2008-12-01,32
2008-12-02,23
2008-12-03,27
2008-12-04,28
2008-12-05,28
2008-12-06,34
2008-12-07,34
2008-12-08,18
2008-12-09,21
2008-12-10,28
2008-12-11,23
2008-12-12,35
2008-12-13,30
2008-12-14,30
2008-12-15,35
2008-12-16,19
2008-12-17,32
2008-12-18,28
2008-12-19,25
2008-12-20,21
2008-12-21,32
2008-12-22,33
2008-12-23,25
2008-12-24,20
2008-12-25,19
2008-12-26,34
2008-12-27,28
2008-12-28,21
2008-12-29,34
2008-12-30,23
